RUNNO,TRNO,R#,O#,P#,CR,MODEL,EXNAME,TNAM,FNAM,WSTA,WYEAR,SOIL_ID,LAT,LONG,ELEV,SDAT,PDAT,EDAT,ADAT,MDAT,HDAT,HYEAR,DWAP,CWAM,HWAM,HWAH,BWAH,PWAM,HWUM,H#AM,H#UM,HIAM,LAIX,EYLDH,FCWAM,FHWAM,HWAHF,FBWAH,FPWAM,IR#M,IRCM,PRCM,ETCM,EPCM,ESCM,ROCM,DRCM,SWXM,NI#M,NICM,NFXM,NUCM,NLCM,NIAM,NMINC,CNAM,GNAM,N2OEM,PI#M,PICM,PUPC,SPAM,KI#M,KICM,KUPC,SKAM,RECM,ONTAM,ONAM,OPTAM,OPAM,OCTAM,OCAM,CO2EM,CH4EM,DMPPM,DMPEM,DMPTM,DMPIM,YPPM,YPEM,YPTM,YPIM,DPNAM,DPNUM,YPNAM,YPNUM,NDCH,TMAXA,TMINA,SRADA,DAYLA,CO2A,PRCP,ETCP,ESCP,EPCP,CRST
1,1,1,1,1,MZ,MZCER048,UFGA0002,Mar_1_50N_Rainfed        ,Generic ,WSTATION,2018,US02489372,         41.987,         -92.26,   280.82,2018000,2018060,2018121,2018179,2018227,2018227,2018,-99,17906,9384,9384,0,11965,0.304162264,3085,385.667786,0.524103999,3.87414837,-99.0000000,-99,-99,-99,-99,-99,3,93,578,647,359,288,24,50,259,2,50,0,155,0,17,124,129,92,0.107219137,-99,-99,-99,-99,-99,-99,-99,-99,0,32040,32037,0,0,247039,246986,0.00000000,4.99134398,35.6048927,29.4066200,49.8111992,192.050919,18.6597767,15.4113922,26.1050034,100.649849,358.113953,115.520630,187.679993,60.5419350,167,21.0772476,9.72874355,19.9371204,13.8051596,408.136475,502.899933,608.900208,251.656403,359.471313,1,
2,2,1,1,1,MZ,MZCER048,UFGA0002,Mar_1_100N_Rainfed       ,Generic ,WSTATION,2018,US02489372,         41.987,         -92.26,   280.82,2018000,2018060,2018121,2018179,2018227,2018227,2018,-99,22766,12267,12267,0,16136,0.273483545,4485,560.682861,0.538828552,4.86790800,-99.0000000,-99,-99,-99,-99,-99,3,89,578,648,397,251,24,50,254,2,100,0,201,0,16,121,175,135,0.153150678,-99,-99,-99,-99,-99,-99,-99,-99,0,32044,32042,0,0,247014,246962,0.00000000,4.82396650,45.2695580,37.3816795,57.3724327,254.395203,24.3925266,20.1423130,30.9138985,137.075363,227.660583,113.263969,122.669998,61.0298500,167,21.0772476,9.72874355,19.9371204,13.8051596,408.136475,502.899933,609.016479,215.214874,396.811798,1,
3,3,1,1,1,MZ,MZCER048,UFGA0002,Mar_1_150N_Rainfed       ,Generic ,WSTATION,2018,US02489372,         41.987,         -92.26,   280.82,2018000,2018060,2018121,2018179,2018227,2018227,2018,-99,25622,13273,13273,0,18469,0.267029196,4971,621.349609,0.518058836,5.19919586,-99.0000000,-99,-99,-99,-99,-99,3,92,578,648,409,238,24,50,257,2,150,0,245,0,17,115,217,173,0.199923560,-99,-99,-99,-99,-99,-99,-99,-99,0,32049,32047,0,0,247003,246951,0.00000000,4.48838568,50.9476395,42.1092720,62.5941353,278.770935,26.3929253,21.8142948,32.4262772,144.414536,170.810425,104.577812,88.4866638,54.1755104,167,21.0772476,9.72874355,19.9371204,13.8051596,408.136475,502.899933,608.454224,202.520889,409.328522,1,
4,4,1,1,1,MZ,MZCER048,UFGA0002,Mar_1_200N_Rainfed       ,Generic ,WSTATION,2018,US02489372,         41.987,         -92.26,   280.82,2018000,2018060,2018121,2018179,2018227,2018227,2018,-99,27169,14593,14593,0,19915,0.291329086,5009,626.149353,0.537120759,5.22922182,-99.0000000,-99,-99,-99,-99,-99,3,91,578,647,411,237,23,49,258,2,200,0,285,0,18,107,258,212,0.257947475,-99,-99,-99,-99,-99,-99,-99,-99,0,32057,32055,0,0,246983,246931,0.00000000,4.39534283,54.0254288,44.6694374,66.1309357,298.541962,29.0177021,23.9924870,35.5197144,160.350449,135.846924,95.3311768,72.9649963,51.2035103,167,21.0772476,9.72874355,19.9371204,13.8051596,408.136475,502.899933,608.232056,200.790939,410.842285,1,
5,5,1,1,1,MZ,MZCER048,UFGA0002,Mar_1_250N_Rainfed       ,Generic ,WSTATION,2018,US02489372,         41.987,         -92.26,   280.82,2018000,2018060,2018121,2018179,2018227,2018227,2018,-99,28211,15137,15137,0,20458,0.302175045,5009,626.149353,0.536546588,5.22922182,-99.0000000,-99,-99,-99,-99,-99,3,93,578,647,411,237,24,49,259,2,250,0,326,0,20,101,299,244,0.318649679,-99,-99,-99,-99,-99,-99,-99,-99,0,32063,32060,0,0,246980,246928,0.00000000,4.61816883,56.0967255,46.3807220,68.6663132,304.784149,30.0994282,24.8861790,36.8438034,163.535904,112.844154,86.5369263,60.5480003,46.4325142,167,21.0772476,9.72874355,19.9371204,13.8051596,408.136475,502.899933,608.249268,200.808380,410.842499,1,
6,6,1,1,1,MZ,MZCER048,UFGA0002,Mar_1_300N_Rainfed       ,Generic ,WSTATION,2018,US02489372,         41.987,         -92.26,   280.82,2018000,2018060,2018121,2018179,2018227,2018227,2018,-99,28590,15137,15137,0,20458,0.302175045,5009,626.149353,0.529442430,5.22922182,-99.0000000,-99,-99,-99,-99,-99,3,90,578,647,411,237,24,49,257,2,300,0,363,0,26,96,337,259,0.385301054,-99,-99,-99,-99,-99,-99,-99,-99,0,32067,32065,0,0,246979,246927,0.00000000,4.72009134,56.8494453,47.0021896,69.5872421,316.041199,30.0994282,24.8857136,36.8435631,167.330734,95.2986069,78.7591782,50.4566650,41.6997261,167,21.0772476,9.72874355,19.9371204,13.8051596,408.136475,502.899933,608.260620,200.816788,410.845184,1,
7,7,1,1,1,MZ,MZCER048,UFGA0002,Mar_1_350N_Rainfed       ,Generic ,WSTATION,2018,US02489372,         41.987,         -92.26,   280.82,2018000,2018060,2018121,2018179,2018227,2018227,2018,-99,28590,15137,15137,0,20458,0.302175045,5009,626.149353,0.529442430,5.22922182,-99.0000000,-99,-99,-99,-99,-99,3,89,578,647,411,237,24,49,255,2,350,0,369,0,64,91,343,259,0.456385136,-99,-99,-99,-99,-99,-99,-99,-99,0,32072,32070,0,0,246978,246925,0.00000000,4.70725536,56.8494453,47.0015793,69.5867920,322.212128,30.0994282,24.8853893,36.8433266,170.597992,81.6845169,77.4785385,43.2485733,41.0216789,167,21.0772476,9.72874355,19.9371204,13.8051596,408.136475,502.899933,608.268555,200.822235,410.847809,1,
8,8,1,1,1,MZ,MZCER048,UFGA0002,Mar_1_400N_Rainfed       ,Generic ,WSTATION,2018,US02489372,         41.987,         -92.26,   280.82,2018000,2018060,2018121,2018179,2018227,2018227,2018,-99,28590,15137,15137,0,20458,0.302175045,5009,626.149353,0.529442430,5.22922182,-99.0000000,-99,-99,-99,-99,-99,3,93,578,647,411,237,24,49,259,2,400,0,369,0,110,88,343,259,0.535517037,-99,-99,-99,-99,-99,-99,-99,-99,0,32075,32073,0,0,246975,246923,0.00000000,4.75132322,56.8494453,47.0007439,69.5856552,306.533264,30.0994282,24.8849468,36.8427200,162.296677,71.4739532,77.4785385,37.8424988,41.0216789,167,21.0772476,9.72874355,19.9371204,13.8051596,408.136475,502.899933,608.279358,200.827744,410.854553,1,
9,9,1,1,1,MZ,MZCER048,UFGA0002,Mar_2_50N_Rainfed        ,Generic ,WSTATION,2018,US02489372,         41.987,         -92.26,   280.82,2018000,2018069,2018121,2018179,2018227,2018227,2018,-99,17954,9454,9454,0,12069,0.304084212,3109,388.633698,0.526588857,3.83954906,-99.0000000,-99,-99,-99,-99,-99,3,90,578,646,359,287,24,50,257,2,50,0,156,0,16,125,130,93,0.107961647,-99,-99,-99,-99,-99,-99,-99,-99,0,32039,32037,0,0,247035,246982,0.00000000,5.04575396,37.0483818,30.0159512,49.9560661,199.205460,19.5088749,15.8057489,26.3057823,104.897278,359.072876,115.087463,189.080002,60.6025658,158,21.9797478,10.5601273,20.3006287,13.9551735,408.164734,484.599945,598.136780,240.976730,359.388672,1,
10,10,1,1,1,MZ,MZCER048,UFGA0002,Mar_2_100N_Rainfed       ,Generic ,WSTATION,2018,US02489372,         41.987,         -92.26,   280.82,2018000,2018069,2018121,2018179,2018227,2018227,2018,-99,22811,12275,12275,0,16193,0.273296624,4492,561.453674,0.538140595,4.82088041,-99.0000000,-99,-99,-99,-99,-99,3,91,578,648,397,252,24,50,256,2,100,0,202,0,16,121,176,135,0.153536811,-99,-99,-99,-99,-99,-99,-99,-99,0,32043,32041,0,0,247016,246963,0.00000000,4.82937574,47.0716057,38.0347633,57.5062485,251.364136,25.3301716,20.4672661,30.9452591,135.264069,228.108978,112.925240,122.750000,60.7673264,158,21.9797478,10.5601273,20.3006287,13.9551735,408.164734,484.599945,599.738159,206.079010,396.668182,1,
11,11,1,1,1,MZ,MZCER048,UFGA0002,Mar_2_150N_Rainfed       ,Generic ,WSTATION,2018,US02489372,         41.987,         -92.26,   280.82,2018000,2018069,2018121,2018179,2018227,2018227,2018,-99,25655,13284,13284,0,18518,0.267128140,4973,621.615356,0.517793000,5.16829729,-99.0000000,-99,-99,-99,-99,-99,3,88,578,648,409,238,24,50,254,2,150,0,245,0,17,116,218,174,0.200973913,-99,-99,-99,-99,-99,-99,-99,-99,0,32049,32047,0,0,247002,246950,0.00000000,4.58201218,52.9409637,42.8161964,62.7062187,289.968842,27.4123020,22.1697979,32.4686546,150.142975,171.034576,104.715050,88.5599976,54.2204094,158,21.9797478,10.5601273,20.3006287,13.9551735,408.164734,484.599945,599.193542,193.436462,409.133057,1,
12,12,1,1,1,MZ,MZCER048,UFGA0002,Mar_2_200N_Rainfed       ,Generic ,WSTATION,2018,US02489372,         41.987,         -92.26,   280.82,2018000,2018069,2018121,2018179,2018227,2018227,2018,-99,27152,14581,14581,0,19922,0.291294366,5005,625.682678,0.537006497,5.19545031,-99.0000000,-99,-99,-99,-99,-99,3,89,578,647,410,237,23,50,256,2,200,0,285,0,17,107,258,213,0.259312809,-99,-99,-99,-99,-99,-99,-99,-99,0,32056,32054,0,0,246985,246933,0.00000000,4.21176720,56.0290565,45.3310280,66.1559677,306.454529,30.0887356,24.3436775,35.5270920,164.572281,135.758392,95.2690430,72.9049988,51.1614037,158,21.9797478,10.5601273,20.3006287,13.9551735,408.164734,484.599945,598.964539,191.926514,410.419189,1,
13,13,1,1,1,MZ,MZCER048,UFGA0002,Mar_2_250N_Rainfed       ,Generic ,WSTATION,2018,US02489372,         41.987,         -92.26,   280.82,2018000,2018069,2018121,2018179,2018227,2018227,2018,-99,28186,15125,15125,0,20467,0.302175045,5005,625.682678,0.536625803,5.19545031,-99.0000000,-99,-99,-99,-99,-99,3,94,578,647,410,237,24,49,260,2,250,0,326,0,20,101,299,245,0.320567012,-99,-99,-99,-99,-99,-99,-99,-99,0,32062,32060,0,0,246981,246928,0.00000000,4.63099766,58.1631317,47.0558968,68.6756439,301.042511,31.2113113,25.2509842,36.8525047,161.544464,112.743401,86.4596634,60.5000000,46.3957062,158,21.9797478,10.5601273,20.3006287,13.9551735,408.164734,484.599945,598.986572,191.948044,410.419861,1,
14,14,1,1,1,MZ,MZCER048,UFGA0002,Mar_2_300N_Rainfed       ,Generic ,WSTATION,2018,US02489372,         41.987,         -92.26,   280.82,2018000,2018069,2018121,2018179,2018227,2018227,2018,-99,28556,15125,15125,0,20467,0.302175045,5005,625.682678,0.529678047,5.19545031,-99.0000000,-99,-99,-99,-99,-99,3,92,578,647,410,237,24,49,258,2,300,0,363,0,26,96,337,259,0.388309598,-99,-99,-99,-99,-99,-99,-99,-99,0,32067,32065,0,0,246979,246927,0.00000000,4.61286545,58.9260521,47.6715088,69.5759277,311.999908,31.2113113,25.2501259,36.8522224,165.256714,95.1852112,78.6654587,50.4166679,41.6666679,158,21.9797478,10.5601273,20.3006287,13.9551735,408.164734,484.599945,599.006897,191.965256,410.423004,1,
15,15,1,1,1,MZ,MZCER048,UFGA0002,Mar_2_350N_Rainfed       ,Generic ,WSTATION,2018,US02489372,         41.987,         -92.26,   280.82,2018000,2018069,2018121,2018179,2018227,2018227,2018,-99,28556,15125,15125,0,20467,0.302175045,5005,625.682678,0.529678047,5.19545031,-99.0000000,-99,-99,-99,-99,-99,3,90,578,647,410,237,24,49,256,2,350,0,368,0,65,92,342,259,0.460619718,-99,-99,-99,-99,-99,-99,-99,-99,0,32071,32069,0,0,246978,246926,0.00000000,4.71874666,58.9260521,47.6704979,69.5755844,317.636902,31.2113113,25.2495918,36.8520393,168.242462,81.5873184,77.5966339,43.2142868,41.1005440,158,21.9797478,10.5601273,20.3006287,13.9551735,408.164734,484.599945,599.019592,191.976135,410.425049,1,
16,16,1,1,1,MZ,MZCER048,UFGA0002,Mar_2_400N_Rainfed       ,Generic ,WSTATION,2018,US02489372,         41.987,         -92.26,   280.82,2018000,2018069,2018121,2018179,2018227,2018227,2018,-99,28556,15125,15125,0,20467,0.302175045,5005,625.682678,0.529678047,5.19545031,-99.0000000,-99,-99,-99,-99,-99,3,88,578,647,410,237,24,49,255,2,400,0,368,0,110,88,342,259,0.536941707,-99,-99,-99,-99,-99,-99,-99,-99,0,32075,32073,0,0,246976,246924,0.00000000,4.70691872,58.9260521,47.6672974,69.5741653,323.289032,31.2113113,25.2478962,36.8512878,171.236221,71.3889084,77.5966339,37.8125000,41.1005440,158,21.9797478,10.5601273,20.3006287,13.9551735,408.164734,484.599945,599.059814,192.008759,410.433411,1,
17,17,1,1,1,MZ,MZCER048,UFGA0002,Mar_3_50N_Rainfed        ,Generic ,WSTATION,2018,US02489372,         41.987,         -92.26,   280.82,2018000,2018081,2018122,2018179,2018226,2018226,2018,-99,17836,9628,9628,0,12307,0.303903192,3168,396.033051,0.539831340,3.71029758,-99.0000000,-99,-99,-99,-99,-99,3,90,573,641,353,289,24,50,257,2,50,0,155,0,15,124,129,95,0.105482399,-99,-99,-99,-99,-99,-99,-99,-99,0,32040,32037,0,0,247042,246989,0.00000000,4.81683207,37.8122711,30.9700089,50.5698395,198.938644,20.4112797,16.7177887,27.2978897,107.388214,356.720947,115.071274,192.559998,62.1161308,145,23.1641407,11.6896563,20.8234425,14.1453733,408.197754,471.699982,575.913513,224.948456,352.701263,1,
18,18,1,1,1,MZ,MZCER048,UFGA0002,Mar_3_100N_Rainfed       ,Generic ,WSTATION,2018,US02489372,         41.987,         -92.26,   280.82,2018000,2018081,2018122,2018179,2018226,2018226,2018,-99,22292,12018,12018,0,15944,0.268908441,4469,558.666016,0.539129615,4.59992838,-99.0000000,-99,-99,-99,-99,-99,3,91,573,643,388,256,24,50,256,2,100,0,196,0,16,121,171,132,0.146754786,-99,-99,-99,-99,-99,-99,-99,-99,0,32044,32042,0,0,247026,246973,0.00000000,4.82917929,47.2593384,38.5900536,57.5176315,244.904495,25.4780598,20.8043480,31.0084248,132.030869,222.922287,113.735863,120.180000,61.3163261,145,23.1641407,11.6896563,20.8234425,14.1453733,408.197754,471.699982,577.667725,192.411835,387.572083,1,
19,19,1,1,1,MZ,MZCER048,UFGA0002,Mar_3_150N_Rainfed       ,Generic ,WSTATION,2018,US02489372,         41.987,         -92.26,   280.82,2018000,2018081,2018122,2018179,2018226,2018226,2018,-99,25030,13051,13051,0,18241,0.263969392,4944,618.018555,0.521421552,5.03049660,-99.0000000,-99,-99,-99,-99,-99,3,91,573,643,400,242,24,50,257,2,150,0,235,0,16,116,207,166,0.188120067,-99,-99,-99,-99,-99,-99,-99,-99,0,32049,32047,0,0,247017,246964,0.00000000,4.63996315,53.0628090,43.3956184,62.5189056,276.514374,27.6680107,22.6273441,32.5986061,144.180115,166.864838,106.509476,87.0066681,55.5361710,145,23.1641407,11.6896563,20.8234425,14.1453733,408.197754,471.699982,576.780029,179.020844,400.354523,1,
20,20,1,1,1,MZ,MZCER048,UFGA0002,Mar_3_200N_Rainfed       ,Generic ,WSTATION,2018,US02489372,         41.987,         -92.26,   280.82,2018000,2018081,2018122,2018179,2018226,2018226,2018,-99,26288,14051,14051,0,19391,0.281573594,4990,623.772949,0.534500897,5.06338596,-99.0000000,-99,-99,-99,-99,-99,4,118,573,642,402,241,23,49,285,2,200,0,268,0,17,109,241,199,0.236378372,-99,-99,-99,-99,-99,-99,-99,-99,0,32054,32052,0,0,246990,246938,0.00000000,4.03052235,55.7306557,45.5834541,65.4326477,223.514893,29.7880020,24.3643303,34.9737129,119.468582,131.440735,98.0901031,70.2549973,52.4291039,145,23.1641407,11.6896563,20.8234425,14.1453733,408.197754,471.699982,576.703735,177.550186,401.758881,1,
21,21,1,1,1,MZ,MZCER048,UFGA0002,Mar_3_250N_Rainfed       ,Generic ,WSTATION,2018,US02489372,         41.987,         -92.26,   280.82,2018000,2018081,2018122,2018179,2018226,2018226,2018,-99,27123,14885,14885,0,20226,0.298294544,4990,623.772949,0.548821568,5.06338596,-99.0000000,-99,-99,-99,-99,-99,3,94,573,642,402,241,23,49,261,2,250,0,301,0,18,103,274,228,0.286478162,-99,-99,-99,-99,-99,-99,-99,-99,0,32060,32058,0,0,246993,246941,0.00000000,4.48154497,57.4995956,47.0433807,67.5120163,288.527069,31.5560741,25.8176498,37.0509415,158.345139,108.490234,90.1081696,59.5400009,49.4518280,145,23.1641407,11.6896563,20.8234425,14.1453733,408.197754,471.699982,576.543579,177.400101,401.744171,1,
22,22,1,1,1,MZ,MZCER048,UFGA0002,Mar_3_300N_Rainfed       ,Generic ,WSTATION,2018,US02489372,         41.987,         -92.26,   280.82,2018000,2018081,2018122,2018179,2018226,2018226,2018,-99,27899,15079,15079,0,20419,0.302175015,4990,623.772949,0.540491760,5.06338596,-99.0000000,-99,-99,-99,-99,-99,3,92,573,642,402,241,24,49,259,2,300,0,334,0,20,99,308,251,0.340674460,-99,-99,-99,-99,-99,-99,-99,-99,0,32064,32062,0,0,246993,246940,0.00000000,4.69085884,59.1452866,48.3884621,69.4438171,303.294067,31.9673538,26.1534119,37.5335922,163.927002,92.9961014,83.5294342,50.2633324,45.1467056,145,23.1641407,11.6896563,20.8234425,14.1453733,408.197754,471.699982,576.559570,177.413666,401.746796,1,
23,23,1,1,1,MZ,MZCER048,UFGA0002,Mar_3_350N_Rainfed       ,Generic ,WSTATION,2018,US02489372,         41.987,         -92.26,   280.82,2018000,2018081,2018122,2018179,2018226,2018226,2018,-99,28089,15079,15079,0,20419,0.302175015,4990,623.772949,0.536831737,5.06338596,-99.0000000,-99,-99,-99,-99,-99,3,90,573,642,402,241,24,49,257,2,350,0,361,0,27,95,335,258,0.575357318,-99,-99,-99,-99,-99,-99,-99,-99,0,32069,32066,0,0,246995,246942,0.00000000,4.59114552,59.5485306,48.7170067,69.9165649,311.531494,31.9673538,26.1526814,37.5332108,167.239014,80.2544022,77.8089752,43.0828590,41.7700844,145,23.1641407,11.6896563,20.8234425,14.1453733,408.197754,471.699982,576.575684,177.425659,401.750885,1,
24,24,1,1,1,MZ,MZCER048,UFGA0002,Mar_3_400N_Rainfed       ,Generic ,WSTATION,2018,US02489372,         41.987,         -92.26,   280.82,2018000,2018081,2018122,2018179,2018226,2018226,2018,-99,28089,15079,15079,0,20419,0.302175015,4990,623.772949,0.536831737,5.06338596,-99.0000000,-99,-99,-99,-99,-99,3,93,573,642,402,240,24,53,256,2,400,0,363,0,59,92,337,258,0.858313441,-99,-99,-99,-99,-99,-99,-99,-99,0,32071,32069,0,0,246997,246944,0.00000000,4.79840183,59.5485306,48.7346344,69.9180374,301.731873,31.9673538,26.1621437,37.5340004,161.978287,70.2226028,77.3802795,37.6974983,41.5399437,145,23.1641407,11.6896563,20.8234425,14.1453733,408.197754,471.699982,576.367126,177.226639,401.742401,1,
25,25,1,1,1,MZ,MZCER048,UFGA0002,Apr_1_50N_Rainfed        ,Generic ,WSTATION,2018,US02489372,         41.987,         -92.26,   280.82,2018000,2018092,2018122,2018179,2018226,2018226,2018,-99,17652,9477,9477,0,12114,0.303997487,3117,389.673492,0.536878169,3.67024589,-99.0000000,-99,-99,-99,-99,-99,3,91,573,643,351,292,24,50,256,2,50,0,153,0,15,125,128,93,0.103894897,-99,-99,-99,-99,-99,-99,-99,-99,0,32039,32037,0,0,247044,246991,0.00000000,4.87682199,39.9629669,31.5187778,50.2787781,194.924789,21.4557400,16.9221344,26.9941998,104.653282,353.032837,115.370216,189.539993,61.9411774,134,24.5395546,12.9432850,21.5485039,14.3026247,408.231293,441.699982,560.035767,210.676544,351.075409,1,
26,26,1,1,1,MZ,MZCER048,UFGA0002,Apr_1_100N_Rainfed       ,Generic ,WSTATION,2018,US02489372,         41.987,         -92.26,   280.82,2018000,2018092,2018122,2018179,2018226,2018226,2018,-99,21865,11897,11897,0,15614,0.271942228,4375,546.846741,0.544111967,4.52900553,-99.0000000,-99,-99,-99,-99,-99,3,91,573,644,384,260,24,51,255,2,100,0,190,0,16,122,165,127,0.140891224,-99,-99,-99,-99,-99,-99,-99,-99,0,32042,32040,0,0,247026,246973,0.00000000,4.76457977,49.5012970,39.0047760,57.0103645,240.531067,26.9345722,21.2232208,31.0203953,130.877411,218.647232,115.077484,118.970001,62.6157913,134,24.5395546,12.9432850,21.5485039,14.3026247,408.231293,441.699982,560.565247,179.268845,383.521881,1,
27,27,1,1,1,MZ,MZCER048,UFGA0002,Apr_1_150N_Rainfed       ,Generic ,WSTATION,2018,US02489372,         41.987,         -92.26,   280.82,2018000,2018092,2018122,2018179,2018226,2018226,2018,-99,24490,12826,12826,0,17789,0.263254464,4872,609.023376,0.523739517,4.99757004,-99.0000000,-99,-99,-99,-99,-99,3,92,573,643,399,243,24,51,257,2,150,0,224,0,16,118,197,157,0.176256314,-99,-99,-99,-99,-99,-99,-99,-99,0,32046,32044,0,0,247025,246973,0.00000000,4.79983759,55.4443092,43.7556419,61.3431664,266.514587,29.0378094,22.9161129,32.1272125,139.581497,163.264999,109.329239,85.5066681,57.2589302,134,24.5395546,12.9432850,21.5485039,14.3026247,408.231293,441.699982,559.693542,163.058838,399.225403,1,
28,28,1,1,1,MZ,MZCER048,UFGA0002,Apr_1_200N_Rainfed       ,Generic ,WSTATION,2018,US02489372,         41.987,         -92.26,   280.82,2018000,2018092,2018122,2018179,2018226,2018226,2018,-99,25953,13716,13716,0,19057,0.274865210,4990,623.772949,0.528496623,5.06338596,-99.0000000,-99,-99,-99,-99,-99,3,91,573,642,402,241,23,50,258,2,200,0,255,0,16,113,228,186,0.217205435,-99,-99,-99,-99,-99,-99,-99,-99,0,32051,32048,0,0,246998,246945,0.00000000,4.43853378,58.7579613,46.4088249,64.6245804,285.909760,31.0527515,24.5264072,34.1531792,151.099258,129.766953,101.778000,68.5800018,53.7882347,134,24.5395546,12.9432850,21.5485039,14.3026247,408.231293,441.699982,559.233948,160.232147,401.602448,1,
29,29,1,1,1,MZ,MZCER048,UFGA0002,Apr_1_250N_Rainfed       ,Generic ,WSTATION,2018,US02489372,         41.987,         -92.26,   280.82,2018000,2018092,2018122,2018179,2018226,2018226,2018,-99,26752,14515,14515,0,19855,0.290865868,4990,623.772949,0.542569578,5.06338596,-99.0000000,-99,-99,-99,-99,-99,3,90,573,642,402,240,23,49,257,2,250,0,282,0,17,107,256,212,0.261991292,-99,-99,-99,-99,-99,-99,-99,-99,0,32057,32055,0,0,247000,246947,0.00000000,4.27768755,60.5656662,47.8371964,66.5896530,298.018768,32.8616714,25.9554691,36.1301613,161.698792,107.007416,94.8647308,58.0600014,51.4716301,134,24.5395546,12.9432850,21.5485039,14.3026247,408.231293,441.699982,559.227051,160.085602,401.741913,1,
30,30,1,1,1,MZ,MZCER048,UFGA0002,Apr_1_300N_Rainfed       ,Generic ,WSTATION,2018,US02489372,         41.987,         -92.26,   280.82,2018000,2018092,2018122,2018179,2018226,2018226,2018,-99,27517,15079,15079,0,20419,0.302175015,4990,623.772949,0.547983646,5.06338596,-99.0000000,-99,-99,-99,-99,-99,3,90,573,642,402,241,23,50,257,2,300,0,310,0,18,103,283,236,0.306387037,-99,-99,-99,-99,-99,-99,-99,-99,0,32061,32059,0,0,246997,246945,0.00000000,4.27200556,62.2988625,49.2043266,68.4946747,304.424316,34.1385574,26.9630089,37.5337410,166.818573,91.7246857,88.7658234,50.2633324,48.6419373,134,24.5395546,12.9432850,21.5485039,14.3026247,408.231293,441.699982,559.247681,160.103104,401.745178,1,
31,31,1,1,1,MZ,MZCER048,UFGA0002,Apr_1_350N_Rainfed       ,Generic ,WSTATION,2018,US02489372,         41.987,         -92.26,   280.82,2018000,2018092,2018122,2018179,2018226,2018226,2018,-99,27955,15079,15079,0,20419,0.302175015,4990,623.772949,0.539398611,5.06338596,-99.0000000,-99,-99,-99,-99,-99,3,93,573,642,402,241,23,49,260,2,350,0,338,0,20,99,312,253,0.353818178,-99,-99,-99,-99,-99,-99,-99,-99,0,32064,32062,0,0,246993,246940,0.00000000,4.40845537,63.2904053,49.9852219,69.5847931,299.136627,34.1385574,26.9618015,37.5337219,161.352936,79.8724899,82.7081985,43.0828590,44.6124268,134,24.5395546,12.9432850,21.5485039,14.3026247,408.231293,441.699982,559.272705,160.128082,401.745392,1,
32,32,1,1,1,MZ,MZCER048,UFGA0002,Apr_1_400N_Rainfed       ,Generic ,WSTATION,2018,US02489372,         41.987,         -92.26,   280.82,2018000,2018092,2018122,2018179,2018226,2018226,2018,-99,28089,15079,15079,0,20419,0.302175015,4990,623.772949,0.536831737,5.06338596,-99.0000000,-99,-99,-99,-99,-99,3,92,573,642,402,241,24,49,259,2,400,0,361,0,27,96,334,258,0.404244334,-99,-99,-99,-99,-99,-99,-99,-99,0,32067,32065,0,0,246992,246940,0.00000000,4.61425924,63.5930328,50.2231522,69.9172745,304.557159,34.1385574,26.9612217,37.5335922,163.494995,70.2226028,77.8089752,37.6974983,41.7700844,134,24.5395546,12.9432850,21.5485039,14.3026247,408.231293,441.699982,559.284729,160.138901,401.746796,1,
33,33,1,1,1,MZ,MZCER048,UFGA0002,Apr_2_50N_Rainfed        ,Generic ,WSTATION,2018,US02489372,         41.987,         -92.26,   280.82,2018000,2018103,2018122,2018184,2018231,2018231,2018,-99,18131,9493,9493,0,11901,0.314251006,3021,377.613983,0.523588598,4.04451180,-99.0000000,-99,-99,-99,-99,-99,3,92,587,664,371,293,24,50,250,2,50,0,160,0,15,130,131,91,0.107521735,-99,-99,-99,-99,-99,-99,-99,-99,0,32035,32033,0,0,247028,246976,0.00000000,4.81761265,40.5164680,32.0994377,48.8861389,196.417938,21.2134113,16.8064632,25.5955620,102.839523,362.622345,113.319481,189.860001,59.3312492,128,26.3007851,14.6554699,21.9437485,14.4106522,408.291962,447.499939,564.842224,195.810364,370.884613,1,
34,34,1,1,1,MZ,MZCER048,UFGA0002,Apr_2_100N_Rainfed       ,Generic ,WSTATION,2018,US02489372,         41.987,         -92.26,   280.82,2018000,2018103,2018122,2018184,2018231,2018231,2018,-99,22492,12012,12012,0,15374,0.277832180,4324,540.440186,0.534056485,4.94238186,-99.0000000,-99,-99,-99,-99,-99,3,92,587,665,405,260,24,51,247,2,100,0,201,0,15,127,171,126,0.147511631,-99,-99,-99,-99,-99,-99,-99,-99,0,32038,32036,0,0,247009,246958,0.00000000,4.78885221,50.2620277,39.7362823,55.5944519,245.660263,26.8424625,21.2211819,29.6902466,131.194992,224.922546,111.901764,120.120003,59.7611923,128,26.3007851,14.6554699,21.9437485,14.4106522,408.291962,447.499939,566.038208,163.905548,404.577301,1,
35,35,1,1,1,MZ,MZCER048,UFGA0002,Apr_2_150N_Rainfed       ,Generic ,WSTATION,2018,US02489372,         41.987,         -92.26,   280.82,2018000,2018103,2018122,2018184,2018231,2018231,2018,-99,25662,13362,13362,0,17969,0.265015572,5042,630.234070,0.520678878,5.41348982,-99.0000000,-99,-99,-99,-99,-99,3,94,587,663,420,242,24,51,252,2,150,0,238,0,15,123,207,159,0.187495366,-99,-99,-99,-99,-99,-99,-99,-99,0,32043,32041,0,0,247006,246954,0.00000000,4.78417253,57.3456268,45.4890671,61.0349007,272.772308,29.8592224,23.6856461,31.7801857,142.029465,171.081100,107.824219,89.0800018,56.1428566,128,26.3007851,14.6554699,21.9437485,14.4106522,408.291962,447.499939,564.139160,146.543396,420.450653,1,
36,36,1,1,1,MZ,MZCER048,UFGA0002,Apr_2_200N_Rainfed       ,Generic ,WSTATION,2018,US02489372,         41.987,         -92.26,   280.82,2018000,2018103,2018122,2018184,2018231,2018231,2018,-99,27691,14132,14132,0,19531,0.266594380,5301,662.631714,0.510348797,5.53833961,-99.0000000,-99,-99,-99,-99,-99,3,92,587,662,424,238,24,51,251,2,200,0,274,0,15,120,244,192,0.234458342,-99,-99,-99,-99,-99,-99,-99,-99,0,32046,32044,0,0,246977,246925,0.00000000,4.63559914,61.8803978,49.1306152,65.3015289,299.627319,31.5798931,25.0732002,33.3258247,152.911087,138.457367,101.063774,70.6600037,51.5766411,128,26.3007851,14.6554699,21.9437485,14.4106522,408.291962,447.499939,563.629700,142.563660,424.055511,1,
37,37,1,1,1,MZ,MZCER048,UFGA0002,Apr_2_250N_Rainfed       ,Generic ,WSTATION,2018,US02489372,         41.987,         -92.26,   280.82,2018000,2018103,2018122,2018184,2018231,2018231,2018,-99,28856,15198,15198,0,20657,0.285724699,5319,664.908386,0.526697934,5.55150366,-99.0000000,-99,-99,-99,-99,-99,3,91,587,662,426,236,23,50,252,2,250,0,304,0,17,113,275,222,0.289469093,-99,-99,-99,-99,-99,-99,-99,-99,0,32051,32049,0,0,246962,246911,0.00000000,4.22632122,64.4829636,51.2162819,67.8057709,316.243927,33.9620171,26.9746914,35.7120781,166.559967,115.424492,94.9214554,60.7919998,49.9934196,128,26.3007851,14.6554699,21.9437485,14.4106522,408.291962,447.499939,563.416992,140.837677,425.570312,1,
38,38,1,1,1,MZ,MZCER048,UFGA0002,Apr_2_300N_Rainfed       ,Generic ,WSTATION,2018,US02489372,         41.987,         -92.26,   280.82,2018000,2018103,2018122,2018184,2018231,2018231,2018,-99,29480,15822,15822,0,21280,0.297445506,5319,664.908386,0.536707878,5.55150366,-99.0000000,-99,-99,-99,-99,-99,3,95,587,662,426,236,23,50,256,2,300,0,335,0,18,109,306,249,0.344643265,-99,-99,-99,-99,-99,-99,-99,-99,0,32055,32053,0,0,246955,246904,0.00000000,4.38512325,65.8761520,52.3239250,69.2357483,310.960175,35.3564301,28.0828037,37.1595612,166.895630,98.2652512,87.9987259,52.7400017,47.2298508,128,26.3007851,14.6554699,21.9437485,14.4106522,408.291962,447.499939,563.405273,140.611435,425.785431,1,
39,39,1,1,1,MZ,MZCER048,UFGA0002,Apr_2_350N_Rainfed       ,Generic ,WSTATION,2018,US02489372,         41.987,         -92.26,   280.82,2018000,2018103,2018122,2018184,2018231,2018231,2018,-99,30023,16366,16366,0,21824,0.307670653,5319,664.908386,0.545100808,5.55150366,-99.0000000,-99,-99,-99,-99,-99,3,93,587,662,426,236,24,50,253,2,350,0,367,0,19,105,338,273,0.403532237,-99,-99,-99,-99,-99,-99,-99,-99,0,32059,32057,0,0,246953,246902,0.00000000,4.60999298,67.0915833,53.2879105,70.5125809,323.510834,36.5720711,29.0475960,38.4368820,176.347916,85.7813721,81.8078461,46.7599983,44.5940056,128,26.3007851,14.6554699,21.9437485,14.4106522,408.291962,447.499939,563.420105,140.622620,425.788971,1,
40,40,1,1,1,MZ,MZCER048,UFGA0002,Apr_2_400N_Rainfed       ,Generic ,WSTATION,2018,US02489372,         41.987,         -92.26,   280.82,2018000,2018103,2018122,2018184,2018231,2018231,2018,-99,30323,16606,16606,0,22065,0.312187523,5319,664.908386,0.547633886,5.55150366,-99.0000000,-99,-99,-99,-99,-99,3,91,587,662,426,236,24,49,252,2,400,0,394,0,25,101,366,284,0.466896862,-99,-99,-99,-99,-99,-99,-99,-99,0,32063,32061,0,0,246952,246900,0.00000000,4.67976475,67.7616730,53.8188705,71.2164307,333.335724,37.1083832,29.4728775,39.0003204,182.544952,75.8083572,76.9627991,41.5149994,42.1472092,128,26.3007851,14.6554699,21.9437485,14.4106522,408.291962,447.499939,563.433289,140.633392,425.791382,1,
41,41,1,1,1,MZ,MZCER048,UFGA0002,Apr_3_50N_Rainfed        ,Generic ,WSTATION,2018,US02489372,         41.987,         -92.26,   280.82,2018000,2018114,2018125,2018186,2018235,2018235,2018,-99,17633,8872,8872,0,10884,0.326254964,2719,339.910461,0.503132939,3.76776385,-99.0000000,-99,-99,-99,-99,-99,3,94,609,676,368,307,26,57,253,2,50,0,159,0,16,135,130,86,0.103841580,-99,-99,-99,-99,-99,-99,-99,-99,0,32030,32028,0,0,246979,246927,0.00000000,5.43696404,38.7200470,31.7336922,47.8624115,187.522278,19.4817753,15.9666290,24.0817032,94.3507843,352.662201,110.900063,177.440002,55.7987404,121,27.7743835,16.1107445,22.2652874,14.4834089,408.343170,455.399994,555.658936,189.650848,368.412476,1,
42,42,1,1,1,MZ,MZCER048,UFGA0002,Apr_3_100N_Rainfed       ,Generic ,WSTATION,2018,US02489372,         41.987,         -92.26,   280.82,2018000,2018114,2018125,2018186,2018235,2018235,2018,-99,21148,11426,11426,0,14017,0.324663132,3519,439.932373,0.540302932,4.52879190,-99.0000000,-99,-99,-99,-99,-99,3,94,609,677,396,281,26,58,251,2,100,0,189,0,16,133,160,114,0.134139195,-99,-99,-99,-99,-99,-99,-99,-99,0,32032,32030,0,0,246967,246916,0.00000000,5.39931726,46.4385376,37.9530830,53.3453331,225.903870,25.0900307,20.5054703,28.8216667,122.052406,211.481094,111.894760,114.260002,60.4550247,121,27.7743835,16.1107445,22.2652874,14.4834089,408.343170,455.399994,557.217163,163.763931,396.437866,1,
43,43,1,1,1,MZ,MZCER048,UFGA0002,Apr_3_150N_Rainfed       ,Generic ,WSTATION,2018,US02489372,         41.987,         -92.26,   280.82,2018000,2018114,2018125,2018186,2018235,2018235,2018,-99,23265,12633,12633,0,15735,0.296851218,4256,531.967651,0.543014109,4.95307350,-99.0000000,-99,-99,-99,-99,-99,3,96,609,676,411,264,26,58,255,2,150,0,212,0,16,130,183,134,0.159557879,-99,-99,-99,-99,-99,-99,-99,-99,0,32035,32033,0,0,246959,246909,0.00000000,5.15051270,51.0869408,41.8638191,56.5910072,242.419861,27.7404480,22.7322502,30.7291832,131.635132,155.099945,109.740532,84.2200012,59.5896225,121,27.7743835,16.1107445,22.2652874,14.4834089,408.343170,455.399994,555.730286,148.019257,411.107574,1,
44,44,1,1,1,MZ,MZCER048,UFGA0002,Apr_3_200N_Rainfed       ,Generic ,WSTATION,2018,US02489372,         41.987,         -92.26,   280.82,2018000,2018114,2018125,2018186,2018235,2018235,2018,-99,25604,13591,13591,0,17848,0.283367068,4796,599.524048,0.530801535,5.42180061,-99.0000000,-99,-99,-99,-99,-99,3,95,609,674,423,250,26,58,255,2,200,0,238,0,16,128,208,159,0.190214664,-99,-99,-99,-99,-99,-99,-99,-99,0,32038,32036,0,0,246951,246900,0.00000000,5.30641127,56.2238770,46.2150536,60.4765091,270.744781,29.8440933,24.5313282,32.1014252,143.713547,128.021774,107.581314,67.9550018,57.1050415,121,27.7743835,16.1107445,22.2652874,14.4834089,408.343170,455.399994,554.026245,134.485413,423.376831,1,
45,45,1,1,1,MZ,MZCER048,UFGA0002,Apr_3_250N_Rainfed       ,Generic ,WSTATION,2018,US02489372,         41.987,         -92.26,   280.82,2018000,2018114,2018125,2018186,2018235,2018235,2018,-99,27118,14176,14176,0,19004,0.283798754,4995,624.375854,0.522753060,5.53007746,-99.0000000,-99,-99,-99,-99,-99,3,95,609,673,426,248,26,57,256,2,250,0,262,0,17,126,231,179,0.220661223,-99,-99,-99,-99,-99,-99,-99,-99,0,32040,32038,0,0,246945,246894,0.00000000,5.21692610,59.5465965,48.9754410,63.6717453,286.754669,31.1286793,25.6024837,33.2851486,149.904343,108.470078,103.501984,56.7039986,54.1068687,121,27.7743835,16.1107445,22.2652874,14.4834089,408.343170,455.399994,553.696289,131.768585,425.895660,1,
46,46,1,1,1,MZ,MZCER048,UFGA0002,Apr_3_300N_Rainfed       ,Generic ,WSTATION,2018,US02489372,         41.987,         -92.26,   280.82,2018000,2018114,2018125,2018186,2018235,2018235,2018,-99,28431,14854,14854,0,20080,0.289540857,5130,641.264648,0.522458136,5.59818602,-99.0000000,-99,-99,-99,-99,-99,3,95,609,673,428,245,26,56,258,2,300,0,288,0,17,123,258,204,0.419744760,-99,-99,-99,-99,-99,-99,-99,-99,0,32042,32040,0,0,246915,246865,0.00000000,5.39079380,62.4299011,51.3744125,66.4169464,299.206177,32.6174812,26.8413677,34.7005730,156.324951,94.7685852,98.7172775,49.5133324,51.5763893,121,27.7743835,16.1107445,22.2652874,14.4834089,408.343170,455.399994,553.399536,129.373978,428.062103,1,
47,47,1,1,1,MZ,MZCER048,UFGA0002,Apr_3_350N_Rainfed       ,Generic ,WSTATION,2018,US02489372,         41.987,         -92.26,   280.82,2018000,2018114,2018125,2018186,2018235,2018235,2018,-99,29211,15601,15601,0,20842,0.303901166,5134,641.706055,0.534084320,5.60463047,-99.0000000,-99,-99,-99,-99,-99,3,97,609,673,429,244,25,56,261,2,350,0,312,0,17,119,283,228,0.543207467,-99,-99,-99,-99,-99,-99,-99,-99,0,32046,32044,0,0,246904,246854,0.00000000,4.98320770,64.1439362,52.7982178,68.0748520,300.178741,34.2577972,28.1983089,36.3572044,160.318542,83.4604263,93.6254730,44.5742874,50.0032043,121,27.7743835,16.1107445,22.2652874,14.4834089,408.343170,455.399994,553.260132,128.194290,429.103394,1,
48,48,1,1,1,MZ,MZCER048,UFGA0002,Apr_3_400N_Rainfed       ,Generic ,WSTATION,2018,US02489372,         41.987,         -92.26,   280.82,2018000,2018114,2018125,2018186,2018235,2018235,2018,-99,29735,16126,16126,0,21366,0.314114779,5134,641.706055,0.542299807,5.60463047,-99.0000000,-99,-99,-99,-99,-99,3,95,609,673,429,244,25,56,258,2,400,0,336,0,19,115,307,250,0.683034420,-99,-99,-99,-99,-99,-99,-99,-99,0,32050,32048,0,0,246906,246856,0.00000000,5.16079378,65.2953110,53.7472878,69.2561646,313.337646,35.4106293,29.1479626,37.5586586,169.927704,74.3387146,88.4984665,40.3149986,47.9940491,121,27.7743835,16.1107445,22.2652874,14.4834089,408.343170,455.399994,553.246216,127.928619,429.355042,1,
49,49,1,1,1,MZ,MZCER048,UFGA0002,May_1_50N_Rainfed        ,Generic ,WSTATION,2018,US02489372,         41.987,         -92.26,   280.82,2018000,2018125,2018135,2018190,2018238,2018238,2018,-99,18928,10276,10276,0,12766,0.312738091,3286,410.745026,0.542933524,4.04525089,-99.0000000,-99,-99,-99,-99,-99,3,93,624,673,367,306,26,70,258,2,50,0,168,0,15,137,141,101,0.119944446,-99,-99,-99,-99,-99,-99,-99,-99,0,32027,32025,0,0,246919,246869,0.00000000,5.64747286,44.0690041,35.3067551,51.5119629,202.694977,23.9254932,19.1683826,27.9663467,110.045082,378.552765,112.664513,205.520004,61.1666679,113,28.4079647,16.9707966,22.1522160,14.5236273,408.393219,429.500031,536.091125,170.034058,367.441620,1,
50,50,1,1,1,MZ,MZCER048,UFGA0002,May_1_100N_Rainfed       ,Generic ,WSTATION,2018,US02489372,         41.987,         -92.26,   280.82,2018000,2018125,2018135,2018190,2018238,2018238,2018,-99,22971,12417,12417,0,15764,0.284023315,4372,546.459778,0.540539443,4.95998096,-99.0000000,-99,-99,-99,-99,-99,3,94,624,670,394,276,27,69,262,2,100,0,207,0,15,134,179,134,0.214901909,-99,-99,-99,-99,-99,-99,-99,-99,0,32030,32028,0,0,246908,246858,0.00000000,5.73686600,53.4824867,43.0926399,58.3167114,243.391693,28.9103584,23.2940483,31.5235348,131.567200,229.707306,110.969711,124.169998,59.9855080,113,28.4079647,16.9707966,22.1522160,14.5236273,408.393219,429.500031,533.054626,140.918991,393.896179,1,
51,51,1,1,1,MZ,MZCER048,UFGA0002,May_1_150N_Rainfed       ,Generic ,WSTATION,2018,US02489372,         41.987,         -92.26,   280.82,2018000,2018125,2018135,2018190,2018238,2018238,2018,-99,25344,13349,13349,0,17533,0.282949835,4718,589.734619,0.526719093,5.36023760,-99.0000000,-99,-99,-99,-99,-99,3,94,624,669,403,266,27,69,264,2,150,0,242,0,16,132,213,164,0.332240194,-99,-99,-99,-99,-99,-99,-99,-99,0,32033,32031,0,0,246895,246845,0.00000000,6.01284885,59.0083885,47.6618614,62.9007225,268.645538,31.0803242,25.1039925,33.1304550,141.498352,168.960709,104.727707,88.9933319,55.1611557,113,28.4079647,16.9707966,22.1522160,14.5236273,408.393219,429.500031,531.748108,130.795242,402.922333,1,
52,52,1,1,1,MZ,MZCER048,UFGA0002,May_1_200N_Rainfed       ,Generic ,WSTATION,2018,US02489372,         41.987,         -92.26,   280.82,2018000,2018125,2018135,2018190,2018238,2018238,2018,-99,27166,14370,14370,0,19175,0.293900073,4889,611.186890,0.528977752,5.44624949,-99.0000000,-99,-99,-99,-99,-99,3,93,624,668,406,263,26,69,263,2,200,0,273,0,16,128,244,194,0.459210128,-99,-99,-99,-99,-99,-99,-99,-99,0,32036,32034,0,0,246863,246813,0.00000000,6.12425947,63.2503777,51.1256905,66.9504089,292.155792,33.4575081,27.0439186,35.4147072,154.541428,135.830200,99.5093002,71.8499985,52.6373634,113,28.4079647,16.9707966,22.1522160,14.5236273,408.393219,429.500031,531.357910,127.616310,405.763611,1,
53,53,1,1,1,MZ,MZCER048,UFGA0002,May_1_250N_Rainfed       ,Generic ,WSTATION,2018,US02489372,         41.987,         -92.26,   280.82,2018000,2018125,2018135,2018190,2018238,2018238,2018,-99,27906,15099,15099,0,19910,0.308712363,4891,611.372803,0.541067421,5.44828224,-99.0000000,-99,-99,-99,-99,-99,3,91,624,668,407,261,26,68,262,2,250,0,301,0,16,124,272,221,0.590234220,-99,-99,-99,-99,-99,-99,-99,-99,0,32040,32038,0,0,246853,246803,0.00000000,5.75912189,64.9733963,52.5297813,68.6097794,305.969147,35.1548271,28.4220257,37.1223488,165.549194,111.624298,92.7112122,60.3959999,50.1627922,113,28.4079647,16.9707966,22.1522160,14.5236273,408.393219,429.500031,531.242920,126.528557,406.736115,1,
54,54,1,1,1,MZ,MZCER048,UFGA0002,May_1_300N_Rainfed       ,Generic ,WSTATION,2018,US02489372,         41.987,         -92.26,   280.82,2018000,2018125,2018135,2018190,2018238,2018238,2018,-99,28284,15477,15477,0,20288,0.316445678,4891,611.372803,0.547204554,5.44828224,-99.0000000,-99,-99,-99,-99,-99,3,93,624,668,407,261,26,68,263,2,300,0,328,0,18,120,299,243,0.720489740,-99,-99,-99,-99,-99,-99,-99,-99,0,32044,32042,0,0,246851,246801,0.00000000,5.64720535,65.8540344,53.2397804,69.5282211,305.110779,36.0349236,29.1324806,38.0454140,166.954742,94.2810287,86.2326508,51.5900002,47.1859741,113,28.4079647,16.9707966,22.1522160,14.5236273,408.393219,429.500031,531.262695,126.481583,406.803284,1,
55,55,1,1,1,MZ,MZCER048,UFGA0002,May_1_350N_Rainfed       ,Generic ,WSTATION,2018,US02489372,         41.987,         -92.26,   280.82,2018000,2018125,2018135,2018190,2018238,2018238,2018,-99,28861,16054,16054,0,20865,0.328233242,4891,611.372803,0.556249678,5.44828224,-99.0000000,-99,-99,-99,-99,-99,3,91,624,668,407,261,26,68,262,2,350,0,354,0,19,116,325,265,0.849849105,-99,-99,-99,-99,-99,-99,-99,-99,0,32047,32045,0,0,246850,246800,0.00000000,5.77256536,67.1963501,54.3226166,70.9450455,316.497589,37.3783455,30.2172565,39.4635773,176.053543,82.4595337,81.5277863,45.8685722,45.3502808,113,28.4079647,16.9707966,22.1522160,14.5236273,408.393219,429.500031,531.285828,126.502396,406.805511,1,
56,56,1,1,1,MZ,MZCER048,UFGA0002,May_1_400N_Rainfed       ,Generic ,WSTATION,2018,US02489372,         41.987,         -92.26,   280.82,2018000,2018125,2018135,2018190,2018238,2018238,2018,-99,29151,16243,16243,0,21054,0.332099944,4891,611.372803,0.557194710,5.44828224,-99.0000000,-99,-99,-99,-99,-99,3,95,624,668,407,261,26,68,266,2,400,0,378,0,21,114,350,277,0.978252888,-99,-99,-99,-99,-99,-99,-99,-99,0,32050,32048,0,0,246849,246799,0.00000000,5.97395611,67.8726349,54.8677368,71.6589508,305.487946,37.8183899,30.5721092,39.9281120,170.216797,72.8782501,77.1198349,40.6074982,42.9708977,113,28.4079647,16.9707966,22.1522160,14.5236273,408.393219,429.500031,531.301270,126.517143,406.806122,1,
57,57,1,1,1,MZ,MZCER048,UFGA0002,May_2_50N_Rainfed        ,Generic ,WSTATION,2018,US02489372,         41.987,         -92.26,   280.82,2018000,2018136,2018144,2018195,2018245,2018245,2018,-99,19934,10681,10681,0,13623,0.323288560,3304,412.977539,0.535803795,4.48753977,-99.0000000,-99,-99,-99,-99,-99,2,62,758,683,369,315,70,52,323,2,50,0,175,0,16,144,149,109,0.113667302,-99,-99,-99,-99,-99,-99,-99,-99,0,32020,32018,0,0,246802,246753,0.00000000,6.59579420,37.6687431,38.7438545,54.0636330,324.038086,20.1832943,20.7593498,28.9678459,173.622894,398.685974,113.910278,213.619995,61.0342865,109,28.8963280,17.6715603,21.9266071,14.4651566,408.464020,529.200012,514.515137,147.729294,368.719177,1,
58,58,1,1,1,MZ,MZCER048,UFGA0002,May_2_100N_Rainfed       ,Generic ,WSTATION,2018,US02489372,         41.987,         -92.26,   280.82,2018000,2018136,2018144,2018195,2018245,2018245,2018,-99,23587,12445,12445,0,16285,0.306124687,4065,508.151062,0.527602732,5.19528675,-99.0000000,-99,-99,-99,-99,-99,2,61,758,680,389,291,69,53,325,2,100,0,216,0,16,141,189,143,0.163140684,-99,-99,-99,-99,-99,-99,-99,-99,0,32023,32021,0,0,246781,246733,0.00000000,6.22378635,44.5711975,46.1285324,60.6349258,389.519623,23.5166283,24.3383083,31.9921627,205.518112,235.870789,109.199432,124.449997,57.6157417,109,28.8963280,17.6715603,21.9266071,14.4651566,408.464020,529.200012,511.333801,124.733170,389.001526,1,
59,59,1,1,1,MZ,MZCER048,UFGA0002,May_2_150N_Rainfed       ,Generic ,WSTATION,2018,US02489372,         41.987,         -92.26,   280.82,2018000,2018136,2018144,2018195,2018245,2018245,2018,-99,25819,13268,13268,0,17932,0.305222243,4347,543.364685,0.513878405,5.51277637,-99.0000000,-99,-99,-99,-99,-99,2,60,758,679,395,285,69,52,326,2,150,0,252,0,16,138,224,173,0.220525786,-99,-99,-99,-99,-99,-99,-99,-99,0,32027,32025,0,0,246774,246726,0.00000000,6.52694464,48.7884865,50.5786591,65.4268951,433.456421,25.0718060,25.9917545,33.6220818,222.747955,172.125778,102.455826,88.4533310,52.6507950,109,28.8963280,17.6715603,21.9266071,14.4651566,408.464020,529.200012,510.469574,118.428154,394.621613,1,
60,60,1,1,1,MZ,MZCER048,UFGA0002,May_2_200N_Rainfed       ,Generic ,WSTATION,2018,US02489372,         41.987,         -92.26,   280.82,2018000,2018136,2018144,2018195,2018245,2018245,2018,-99,27119,14018,14018,0,18988,0.315344483,4445,555.664307,0.516901493,5.58000135,-99.0000000,-99,-99,-99,-99,-99,2,60,758,679,396,283,69,52,328,2,200,0,286,0,16,134,258,205,0.363757253,-99,-99,-99,-99,-99,-99,-99,-99,0,32030,32028,0,0,246745,246697,0.00000000,5.97651863,51.2460175,53.1516609,68.4481125,450.051483,26.4890404,27.4740658,35.3807907,232.631378,135.596970,94.8230515,70.0899963,49.0139847,109,28.8963280,17.6715603,21.9266071,14.4651566,408.464020,529.200012,510.226624,116.614243,396.203674,1,
61,61,1,1,1,MZ,MZCER048,UFGA0002,May_2_250N_Rainfed       ,Generic ,WSTATION,2018,US02489372,         41.987,         -92.26,   280.82,2018000,2018136,2018144,2018195,2018245,2018245,2018,-99,27328,14227,14227,0,19196,0.320038885,4445,555.664307,0.520590544,5.58000135,-99.0000000,-99,-99,-99,-99,-99,2,64,758,679,396,283,68,52,332,2,250,0,309,0,18,128,281,223,0.448478818,-99,-99,-99,-99,-99,-99,-99,-99,0,32035,32033,0,0,246744,246696,0.00000000,5.72760391,51.6403427,53.5611649,68.9605331,429.845276,26.8839760,27.8839550,35.9008675,223.777542,109.312279,88.4403534,56.9080009,46.0420723,109,28.8963280,17.6715603,21.9266071,14.4651566,408.464020,529.200012,510.221741,116.527237,396.285675,1,
62,62,1,1,1,MZ,MZCER048,UFGA0002,May_2_300N_Rainfed       ,Generic ,WSTATION,2018,US02489372,         41.987,         -92.26,   280.82,2018000,2018136,2018144,2018195,2018245,2018245,2018,-99,27912,14738,14738,0,19708,0.331537426,4445,555.664307,0.528005838,5.58000135,-99.0000000,-99,-99,-99,-99,-99,2,62,758,679,396,283,68,52,330,2,300,0,334,0,20,124,307,244,0.538233042,-99,-99,-99,-99,-99,-99,-99,-99,0,32040,32038,0,0,246743,246694,0.00000000,5.89520788,52.7444115,54.7048340,70.4344940,449.349487,27.8495846,28.8847065,37.1901245,237.261078,93.0411453,83.5698929,49.1266670,44.1257477,109,28.8963280,17.6715603,21.9266071,14.4651566,408.464020,529.200012,510.235413,116.538605,396.287994,1,
63,63,1,1,1,MZ,MZCER048,UFGA0002,May_2_350N_Rainfed       ,Generic ,WSTATION,2018,US02489372,         41.987,         -92.26,   280.82,2018000,2018136,2018144,2018195,2018245,2018245,2018,-99,28016,14738,14738,0,19708,0.331537426,4445,555.664307,0.526045382,5.58000135,-99.0000000,-99,-99,-99,-99,-99,2,61,758,679,396,283,68,52,329,2,350,0,357,0,25,119,331,251,0.633197784,-99,-99,-99,-99,-99,-99,-99,-99,0,32044,32042,0,0,246741,246693,0.00000000,6.17966747,52.9409790,54.9078751,70.6967010,458.284149,27.8495846,28.8842678,37.1899757,241.080215,80.0467606,78.4772186,42.1085701,41.2829132,109,28.8963280,17.6715603,21.9266071,14.4651566,408.464020,529.200012,510.243164,116.544754,396.289581,1,
64,64,1,1,1,MZ,MZCER048,UFGA0002,May_2_400N_Rainfed       ,Generic ,WSTATION,2018,US02489372,         41.987,         -92.26,   280.82,2018000,2018136,2018144,2018195,2018245,2018245,2018,-99,28016,14738,14738,0,19708,0.331537426,4445,555.664307,0.526045382,5.58000135,-99.0000000,-99,-99,-99,-99,-99,2,60,758,679,396,283,69,52,328,2,400,0,362,0,49,115,336,251,0.732095480,-99,-99,-99,-99,-99,-99,-99,-99,0,32048,32047,0,0,246740,246692,0.00000000,6.22534657,52.9409790,54.9070282,70.6964264,465.128326,27.8495846,28.8838234,37.1898308,244.680588,70.0409164,77.3932800,36.8450012,40.7127075,109,28.8963280,17.6715603,21.9266071,14.4651566,408.464020,529.200012,510.251007,116.551048,396.291138,1,
65,65,1,1,1,MZ,MZCER048,UFGA0002,May_3_50N_Rainfed        ,Generic ,WSTATION,2018,US02489372,         41.987,         -92.26,   280.82,2018000,2018147,2018152,2018207,2018260,2018260,2018,-99,19877,10220,10220,0,12834,0.342580974,2983,372.889160,0.514148235,4.78455400,-99.0000000,-99,-99,-99,-99,-99,2,58,839,737,376,361,86,104,278,2,50,0,187,1,16,156,156,112,0.131382212,-99,-99,-99,-99,-99,-99,-99,-99,0,32009,32008,0,0,246680,246634,0.00000000,8.52881527,33.8615227,38.2574081,52.8361664,343.582123,17.4105606,19.6707878,27.1667423,176.659424,397.534332,106.292603,204.399994,54.6524048,113,28.6097298,17.6920376,21.1743336,14.2040300,408.550751,587.000061,519.552124,146.215576,376.195282,1,
66,66,1,1,1,MZ,MZCER048,UFGA0002,May_3_100N_Rainfed       ,Generic ,WSTATION,2018,US02489372,         41.987,         -92.26,   280.82,2018000,2018147,2018152,2018207,2018260,2018260,2018,-99,23169,11888,11888,0,15469,0.311015576,3822,477.787140,0.513090551,5.34381676,-99.0000000,-99,-99,-99,-99,-99,2,62,839,737,396,342,86,111,275,2,100,0,227,1,16,153,194,145,0.179041922,-99,-99,-99,-99,-99,-99,-99,-99,0,32013,32011,0,0,246666,246620,0.00000000,8.33925629,39.4706612,44.6105423,58.5659447,372.539459,20.2521267,22.8893642,30.0497856,191.147446,231.692810,102.067322,118.879997,52.3700447,113,28.6097298,17.6920376,21.1743336,14.2040300,408.550751,587.000061,519.367859,127.289658,395.610138,1,
67,67,1,1,1,MZ,MZCER048,UFGA0002,May_3_150N_Rainfed       ,Generic ,WSTATION,2018,US02489372,         41.987,         -92.26,   280.82,2018000,2018147,2018152,2018207,2018260,2018260,2018,-99,25831,12804,12804,0,17579,0.307577103,4163,520.348938,0.495666772,5.54282713,-99.0000000,-99,-99,-99,-99,-99,2,61,839,736,402,334,86,110,276,2,150,0,270,1,16,151,235,183,0.234303832,-99,-99,-99,-99,-99,-99,-99,-99,0,32016,32014,0,0,246647,246601,0.00000000,8.51340771,44.0058823,49.8360939,64.2086868,425.306946,21.8126049,24.7024937,31.8266258,210.813904,172.209702,95.6720581,85.3600006,47.4222221,113,28.6097298,17.6920376,21.1743336,14.2040300,408.550751,587.000061,518.328247,119.847397,402.304657,1,
68,68,1,1,1,MZ,MZCER048,UFGA0002,May_3_200N_Rainfed       ,Generic ,WSTATION,2018,US02489372,         41.987,         -92.26,   280.82,2018000,2018147,2018152,2018207,2018260,2018260,2018,-99,26953,13371,13371,0,18621,0.314200610,4256,531.938171,0.496083349,5.59880590,-99.0000000,-99,-99,-99,-99,-99,2,63,839,736,403,333,86,113,275,2,200,0,304,1,17,145,273,215,0.292299658,-99,-99,-99,-99,-99,-99,-99,-99,0,32019,32017,0,0,246588,246542,0.00000000,8.14500713,45.9161415,52.0076790,66.9101562,428.648346,22.7785320,25.8004837,33.1934509,212.648102,134.763885,88.6604538,66.8550034,43.9835510,113,28.6097298,17.6920376,21.1743336,14.2040300,408.550751,587.000061,518.246094,119.261688,402.820435,1,
69,69,1,1,1,MZ,MZCER048,UFGA0002,May_3_250N_Rainfed       ,Generic ,WSTATION,2018,US02489372,         41.987,         -92.26,   280.82,2018000,2018147,2018152,2018207,2018260,2018260,2018,-99,27165,13583,13583,0,18833,0.319184572,4256,531.938171,0.500017703,5.59880590,-99.0000000,-99,-99,-99,-99,-99,2,64,839,736,403,333,86,114,275,2,250,0,329,2,23,138,300,230,0.350339323,-99,-99,-99,-99,-99,-99,-99,-99,0,32026,32024,0,0,246570,246525,0.00000000,7.92876720,46.2774582,52.4166756,67.4360657,427.533813,23.1396904,26.2094269,33.7194366,213.775787,108.659485,82.5680008,54.3320007,41.2857132,113,28.6097298,17.6920376,21.1743336,14.2040300,408.550751,587.000061,518.248657,119.262703,402.824066,1,
70,70,1,1,1,MZ,MZCER048,UFGA0002,May_3_300N_Rainfed       ,Generic ,WSTATION,2018,US02489372,         41.987,         -92.26,   280.82,2018000,2018147,2018152,2018207,2018260,2018260,2018,-99,27286,13670,13670,0,18920,0.321239471,4256,531.938171,0.500997245,5.59880590,-99.0000000,-99,-99,-99,-99,-99,2,62,839,736,403,333,86,113,275,2,300,0,347,2,38,132,318,233,0.407841772,-99,-99,-99,-99,-99,-99,-99,-99,0,32031,32029,0,0,246568,246522,0.00000000,7.98496342,46.4843254,52.6506233,67.7370071,438.113312,23.2879028,26.3771191,33.9351578,219.487747,90.9543381,78.6348724,45.5666656,39.3948135,113,28.6097298,17.6920376,21.1743336,14.2040300,408.550751,587.000061,518.252197,119.263542,402.827087,1,
71,71,1,1,1,MZ,MZCER048,UFGA0002,May_3_350N_Rainfed       ,Generic ,WSTATION,2018,US02489372,         41.987,         -92.26,   280.82,2018000,2018147,2018152,2018207,2018260,2018260,2018,-99,27286,13670,13670,0,18920,0.321239471,4256,531.938171,0.500997245,5.59880590,-99.0000000,-99,-99,-99,-99,-99,2,61,839,736,403,333,86,112,275,2,350,0,347,2,64,129,318,233,0.459645778,-99,-99,-99,-99,-99,-99,-99,-99,0,32035,32033,0,0,246566,246520,0.00000000,7.96811724,46.4843254,52.6503944,67.7367020,445.377686,23.2879028,26.3770046,33.9350052,223.127090,77.9608612,78.6348724,39.0571442,39.3948135,113,28.6097298,17.6920376,21.1743336,14.2040300,408.550751,587.000061,518.254456,119.264229,402.828888,1,
72,72,1,1,1,MZ,MZCER048,UFGA0002,May_3_400N_Rainfed       ,Generic ,WSTATION,2018,US02489372,         41.987,         -92.26,   280.82,2018000,2018147,2018152,2018207,2018260,2018260,2018,-99,27286,13670,13670,0,18920,0.321239471,4256,531.938171,0.500997245,5.59880590,-99.0000000,-99,-99,-99,-99,-99,2,60,839,736,403,333,86,111,275,2,400,0,347,2,96,125,318,233,0.518094897,-99,-99,-99,-99,-99,-99,-99,-99,0,32039,32037,0,0,246564,246518,0.00000000,8.12331486,46.4843254,52.6502457,67.7365036,451.433075,23.2879028,26.3769302,33.9349022,226.160751,68.2157516,78.6348724,34.1749992,39.3948135,113,28.6097298,17.6920376,21.1743336,14.2040300,408.550751,587.000061,518.255920,119.264618,402.830078,1,
73,73,1,1,1,MZ,MZCER048,UFGA0002,Jun_1_50N_Rainfed        ,Generic ,WSTATION,2018,US02489372,         41.987,         -92.26,   280.82,2018000,2018156,2018162,2018216,2018271,2018271,2018,-99,20096,10337,10337,0,13191,0.303218752,3409,426.152588,0.514410973,4.76221991,-99.0000000,-99,-99,-99,-99,-99,2,62,912,775,363,412,91,108,308,2,50,0,192,1,17,164,161,118,0.270637661,-99,-99,-99,-99,-99,-99,-99,-99,0,32002,32000,0,0,246562,246517,0.00000000,9.51741695,30.9115467,37.4106064,55.3145599,326.162262,15.9006281,19.2436886,28.4533234,167.775009,401.911987,104.664581,206.740005,53.8385429,115,27.9730377,17.1634789,20.2095642,13.9392614,408.636536,650.100098,537.163147,174.218292,363.296753,1,
74,74,1,1,1,MZ,MZCER048,UFGA0002,Jun_1_100N_Rainfed       ,Generic ,WSTATION,2018,US02489372,         41.987,         -92.26,   280.82,2018000,2018156,2018162,2018216,2018271,2018271,2018,-99,23660,11940,11940,0,15899,0.297131091,4019,502.316833,0.504652143,5.35736942,-99.0000000,-99,-99,-99,-99,-99,2,60,912,773,381,392,91,108,308,2,100,0,235,1,17,161,203,155,0.425461173,-99,-99,-99,-99,-99,-99,-99,-99,0,32005,32004,0,0,246545,246501,0.00000000,9.05636120,36.3951492,44.2196198,62.0262718,395.717743,18.3664017,22.3149338,31.3008595,199.694504,236.604904,100.682938,119.400002,50.8085098,115,27.9730377,17.1634789,20.2095642,13.9392614,408.636536,650.100098,535.067688,154.045456,381.459167,1,
75,75,1,1,1,MZ,MZCER048,UFGA0002,Jun_1_150N_Rainfed       ,Generic ,WSTATION,2018,US02489372,         41.987,         -92.26,   280.82,2018000,2018156,2018162,2018216,2018271,2018271,2018,-99,25703,12808,12808,0,17393,0.303651541,4218,527.231201,0.498292089,5.53057480,-99.0000000,-99,-99,-99,-99,-99,2,60,912,773,385,388,91,109,308,2,150,0,273,1,17,158,241,188,0.594548821,-99,-99,-99,-99,-99,-99,-99,-99,0,32008,32006,0,0,246514,246470,0.00000000,8.89644337,39.5368805,48.0856476,66.7890854,426.553101,19.7015820,23.9615097,33.2815971,212.555237,171.352859,94.1499252,85.3866653,46.9157524,115,27.9730377,17.1634789,20.2095642,13.9392614,408.636536,650.100098,534.523926,150.143616,384.837280,1,
76,76,1,1,1,MZ,MZCER048,UFGA0002,Jun_1_200N_Rainfed       ,Generic ,WSTATION,2018,US02489372,         41.987,         -92.26,   280.82,2018000,2018156,2018162,2018216,2018271,2018271,2018,-99,26675,13529,13529,0,18340,0.318670958,4245,530.674683,0.507175267,5.56861210,-99.0000000,-99,-99,-99,-99,-99,2,61,912,773,385,387,90,110,308,2,200,0,301,2,19,152,272,215,0.775526643,-99,-99,-99,-99,-99,-99,-99,-99,0,32011,32010,0,0,246454,246409,0.00000000,8.70261860,41.0319862,49.9109879,69.2252960,440.276245,20.8106422,25.3139019,35.1097527,223.299713,133.374496,88.6209259,67.6449966,44.9468422,115,27.9730377,17.1634789,20.2095642,13.9392614,408.636536,650.100098,534.449402,149.573395,385.334534,1,
77,77,1,1,1,MZ,MZCER048,UFGA0002,Jun_1_250N_Rainfed       ,Generic ,WSTATION,2018,US02489372,         41.987,         -92.26,   280.82,2018000,2018156,2018162,2018216,2018271,2018271,2018,-99,26891,13745,13745,0,18556,0.323760837,4245,530.674683,0.511135399,5.56861210,-99.0000000,-99,-99,-99,-99,-99,2,60,912,773,385,387,90,110,308,2,250,0,325,2,25,145,296,230,0.956328630,-99,-99,-99,-99,-99,-99,-99,-99,0,32018,32016,0,0,246459,246414,0.00000000,8.53673077,41.3643761,50.3148575,69.7856598,447.975677,21.1428986,25.7178268,35.6700935,228.977325,107.563934,82.7414932,54.9799995,42.2923088,115,27.9730377,17.1634789,20.2095642,13.9392614,408.636536,650.100098,534.454163,149.575897,385.336823,1,
78,78,1,1,1,MZ,MZCER048,UFGA0002,Jun_1_300N_Rainfed       ,Generic ,WSTATION,2018,US02489372,         41.987,         -92.26,   280.82,2018000,2018156,2018162,2018216,2018271,2018271,2018,-99,27035,13855,13855,0,18666,0.326347440,4245,530.674683,0.512470067,5.56861210,-99.0000000,-99,-99,-99,-99,-99,2,60,912,773,385,387,90,109,308,2,300,0,345,2,35,140,318,236,1.13801503,-99,-99,-99,-99,-99,-99,-99,-99,0,32023,32021,0,0,246448,246404,0.00000000,8.69681263,41.5862579,50.5842781,70.1596909,453.380920,21.3121033,25.9234028,35.9553986,232.348404,90.1174316,78.3629837,46.1833344,40.1594200,115,27.9730377,17.1634789,20.2095642,13.9392614,408.636536,650.100098,534.459167,149.579315,385.338501,1,
79,79,1,1,1,MZ,MZCER048,UFGA0002,Jun_1_350N_Rainfed       ,Generic ,WSTATION,2018,US02489372,         41.987,         -92.26,   280.82,2018000,2018156,2018162,2018216,2018271,2018271,2018,-99,27035,13855,13855,0,18666,0.326347440,4245,530.674683,0.512470067,5.56861210,-99.0000000,-99,-99,-99,-99,-99,2,59,912,773,385,387,90,109,308,2,350,0,348,2,58,137,320,236,1.31750798,-99,-99,-99,-99,-99,-99,-99,-99,0,32026,32025,0,0,246446,246402,0.00000000,8.74085808,41.5862579,50.5838661,70.1594925,456.353760,21.3121033,25.9231930,35.9552994,233.871918,77.2435150,77.6874466,39.5857124,39.8132172,115,27.9730377,17.1634789,20.2095642,13.9392614,408.636536,650.100098,534.463501,149.582413,385.339600,1,
80,80,1,1,1,MZ,MZCER048,UFGA0002,Jun_1_400N_Rainfed       ,Generic ,WSTATION,2018,US02489372,         41.987,         -92.26,   280.82,2018000,2018156,2018162,2018216,2018271,2018271,2018,-99,27035,13855,13855,0,18666,0.326347440,4245,530.674683,0.512470067,5.56861210,-99.0000000,-99,-99,-99,-99,-99,2,59,912,773,385,387,91,108,308,2,400,0,348,2,84,133,320,236,1.50041127,-99,-99,-99,-99,-99,-99,-99,-99,0,32030,32028,0,0,246445,246401,0.00000000,8.89869118,41.5862579,50.5835152,70.1593170,459.103760,21.3121033,25.9230118,35.9552078,235.281235,67.5880737,77.6874466,34.6375008,39.8132172,115,27.9730377,17.1634789,20.2095642,13.9392614,408.636536,650.100098,534.467224,149.585037,385.340576,1,
81,81,1,1,1,MZ,MZCER048,UFGA0002,Jun_2_50N_Rainfed        ,Generic ,WSTATION,2018,US02489372,         41.987,         -92.26,   280.82,2018000,2018165,2018170,2018225,2018303,2018303,2018,-99,20351,10373,10373,0,13103,0.339002669,3060,382.490997,0.509711325,4.85834122,-99.0000000,-99,-99,-99,-99,-99,2,60,1044,814,345,469,100,202,296,2,50,0,206,3,13,175,174,122,0.252991736,-99,-99,-99,-99,-99,-99,-99,-99,0,31994,31992,0,0,246492,246449,0.00000000,10.6657991,27.4459896,38.1841660,58.9468422,336.699677,13.9892111,19.4624557,30.0451851,171.615707,407.024017,98.7922363,207.460007,50.3543701,138,24.7557964,14.0246382,17.7014523,13.1718750,408.810333,741.500000,532.974854,187.728058,345.246674,1,
82,82,1,1,1,MZ,MZCER048,UFGA0002,Jun_2_100N_Rainfed       ,Generic ,WSTATION,2018,US02489372,         41.987,         -92.26,   280.82,2018000,2018165,2018170,2018225,2018303,2018303,2018,-99,23307,11507,11507,0,15377,0.337381452,3411,426.328918,0.493707180,5.45005846,-99.0000000,-99,-99,-99,-99,-99,2,60,1044,812,358,454,100,203,296,2,100,0,250,3,13,172,215,158,0.339078426,-99,-99,-99,-99,-99,-99,-99,-99,0,31998,31996,0,0,246481,246438,0.00000000,10.4211721,31.4322433,43.9040985,65.0576019,390.158203,15.5185432,21.6760769,32.1198616,192.626633,233.070084,93.2280350,115.070000,46.0279999,138,24.7557964,14.0246382,17.7014523,13.1718750,408.810333,741.500000,530.861755,172.609894,358.251862,1,
83,83,1,1,1,MZ,MZCER048,UFGA0002,Jun_2_150N_Rainfed       ,Generic ,WSTATION,2018,US02489372,         41.987,         -92.26,   280.82,2018000,2018165,2018170,2018225,2018304,2018304,2018,-99,25233,12371,12371,0,16684,0.349534899,3539,442.406342,0.490265787,5.57842922,-99.0000000,-99,-99,-99,-99,-99,2,59,1044,813,361,451,100,203,295,2,150,0,289,4,14,168,257,192,0.445326000,-99,-99,-99,-99,-99,-99,-99,-99,0,31999,31997,0,0,246414,246371,0.00000000,10.2698355,33.9382401,47.5041199,69.8342896,428.180603,16.6388702,23.2898026,34.2375946,209.923721,168.220551,87.3116989,82.4733353,42.8062286,139,24.6784153,13.9654684,17.6036015,13.1503763,408.814484,743.500000,531.176697,169.848618,361.327972,1,
84,84,1,1,1,MZ,MZCER048,UFGA0002,Jun_2_200N_Rainfed       ,Generic ,WSTATION,2018,US02489372,         41.987,         -92.26,   280.82,2018000,2018165,2018170,2018225,2018304,2018304,2018,-99,25655,12707,12707,0,17053,0.358323634,3546,443.279205,0.495300502,5.59457016,-99.0000000,-99,-99,-99,-99,-99,2,60,1044,813,362,451,100,206,294,2,200,0,323,5,16,162,293,212,0.548140168,-99,-99,-99,-99,-99,-99,-99,-99,0,32004,32003,0,0,246400,246357,0.00000000,10.1407480,34.5058746,48.3079567,70.8465424,425.276917,17.0907860,23.9269676,35.0903435,210.639984,128.275589,79.4276123,63.5349998,39.3405571,139,24.6784153,13.9654684,17.6036015,13.1503763,408.814484,743.500000,531.074402,168.951889,362.122406,1,
85,85,1,1,1,MZ,MZCER048,UFGA0002,Jun_2_250N_Rainfed       ,Generic ,WSTATION,2018,US02489372,         41.987,         -92.26,   280.82,2018000,2018165,2018170,2018225,2018304,2018304,2018,-99,25700,12752,12752,0,17098,0.359586030,3546,443.279205,0.496179760,5.59457016,-99.0000000,-99,-99,-99,-99,-99,2,60,1044,813,362,450,100,205,294,2,250,0,333,6,39,155,304,217,0.651556313,-99,-99,-99,-99,-99,-99,-99,-99,0,32009,32007,0,0,246309,246266,0.00000000,10.3404493,34.5660782,48.3938026,70.9122620,430.694885,17.1513119,24.0124779,35.1858940,213.706116,102.799515,77.1768112,51.0079994,38.2942924,139,24.6784153,13.9654684,17.6036015,13.1503763,408.814484,743.500000,531.057251,168.639175,362.417969,1,
86,86,1,1,1,MZ,MZCER048,UFGA0002,Jun_2_300N_Rainfed       ,Generic ,WSTATION,2018,US02489372,         41.987,         -92.26,   280.82,2018000,2018165,2018170,2018225,2018304,2018304,2018,-99,25700,12752,12752,0,17098,0.359586030,3546,443.279205,0.496179760,5.59457016,-99.0000000,-99,-99,-99,-99,-99,2,59,1044,813,362,450,100,204,294,2,300,0,333,8,72,149,304,217,0.757874727,-99,-99,-99,-99,-99,-99,-99,-99,0,32014,32013,0,0,246308,246265,0.00000000,10.3063126,34.5660782,48.3934097,70.9119797,434.566010,17.1513119,24.0122833,35.1857529,215.626923,85.6662598,77.1768112,42.5066681,38.2942924,139,24.6784153,13.9654684,17.6036015,13.1503763,408.814484,743.500000,531.061523,168.642136,362.419434,1,
87,87,1,1,1,MZ,MZCER048,UFGA0002,Jun_2_350N_Rainfed       ,Generic ,WSTATION,2018,US02489372,         41.987,         -92.26,   280.82,2018000,2018165,2018170,2018225,2018304,2018304,2018,-99,25700,12752,12752,0,17098,0.359586030,3546,443.279205,0.496179760,5.59457016,-99.0000000,-99,-99,-99,-99,-99,2,59,1044,813,362,450,100,204,294,2,350,0,333,9,105,145,304,217,0.868185103,-99,-99,-99,-99,-99,-99,-99,-99,0,32019,32017,0,0,246306,246263,0.00000000,10.2977486,34.5660782,48.3925285,70.9117966,438.063049,17.1513119,24.0118446,35.1856613,217.362122,73.4282227,77.1768112,36.4342842,38.2942924,139,24.6784153,13.9654684,17.6036015,13.1503763,408.814484,743.500000,531.071228,168.650864,362.420349,1,
88,88,1,1,1,MZ,MZCER048,UFGA0002,Jun_2_400N_Rainfed       ,Generic ,WSTATION,2018,US02489372,         41.987,         -92.26,   280.82,2018000,2018165,2018170,2018225,2018304,2018304,2018,-99,25700,12752,12752,0,17098,0.359586030,3546,443.279205,0.496179760,5.59457016,-99.0000000,-99,-99,-99,-99,-99,2,58,1044,813,362,450,100,203,294,2,400,0,333,10,139,142,304,217,0.981894612,-99,-99,-99,-99,-99,-99,-99,-99,0,32022,32021,0,0,246305,246262,0.00000000,10.2903519,34.5660782,48.3919106,70.9116669,441.337311,17.1513119,24.0115395,35.1855965,218.986755,64.2496948,77.1768112,31.8799992,38.2942924,139,24.6784153,13.9654684,17.6036015,13.1503763,408.814484,743.500000,531.078003,168.656876,362.421021,1,
89,89,1,1,1,MZ,MZCER048,UFGA0002,Jun_3_50N_Rainfed        ,Generic ,WSTATION,2018,US02489372,         41.987,         -92.26,   280.82,2018000,2018174,2018180,2018238,2018303,2018303,2018,-99,16946,6678,6678,0,8635,0.277585745,2406,300.702026,0.394052029,5.15560007,-99.0000000,-99,-99,-99,-99,-99,2,59,1044,793,309,484,99,223,296,2,50,0,203,4,13,173,168,88,0.219749823,-99,-99,-99,-99,-99,-99,-99,-99,0,31996,31994,0,0,246513,246470,0.00000000,9.81873322,25.5906143,36.4157257,54.8649368,289.592957,10.0845661,14.3504496,21.6207809,114.120712,338.922119,83.4783554,133.559998,32.8965530,129,24.4527149,13.6178312,17.6108551,13.0405846,408.842133,662.200012,465.351288,156.481796,308.869507,1,
90,90,1,1,1,MZ,MZCER048,UFGA0002,Jun_3_100N_Rainfed       ,Generic ,WSTATION,2018,US02489372,         41.987,         -92.26,   280.82,2018000,2018174,2018180,2018238,2018304,2018304,2018,-99,19038,7670,7670,0,10508,0.286586314,2676,334.557648,0.402899384,5.57150888,-99.0000000,-99,-99,-99,-99,-99,2,59,1044,793,317,476,99,224,295,2,100,0,246,4,14,170,207,118,0.262624532,-99,-99,-99,-99,-99,-99,-99,-99,0,32000,31998,0,0,246506,246463,0.00000000,9.81085491,28.6629505,40.9506721,60.0800896,324.441528,11.5477266,16.4982033,24.2050610,130.710968,190.379318,77.3899689,76.6999969,31.1788616,130,24.3723087,13.5576944,17.5069256,13.0186071,408.846375,664.200012,464.899109,148.023254,316.875885,1,
91,91,1,1,1,MZ,MZCER048,UFGA0002,Jun_3_150N_Rainfed       ,Generic ,WSTATION,2018,US02489372,         41.987,         -92.26,   280.82,2018000,2018174,2018180,2018238,2018304,2018304,2018,-99,20006,7869,7869,0,11079,0.282086611,2790,348.694733,0.393323243,5.62111759,-99.0000000,-99,-99,-99,-99,-99,2,59,1044,793,318,475,99,225,294,2,150,0,279,4,18,165,246,134,0.309200525,-99,-99,-99,-99,-99,-99,-99,-99,0,31999,31998,0,0,246357,246313,0.00000000,9.75338173,30.1209984,43.0416641,63.0002518,340.669403,11.8473349,16.9293518,24.7795601,133.993729,133.375778,71.7074127,52.4599991,28.2043018,130,24.3723087,13.5576944,17.5069256,13.0186071,408.846375,664.200012,464.813995,147.253815,317.560120,1,
92,92,1,1,1,MZ,MZCER048,UFGA0002,Jun_3_200N_Rainfed       ,Generic ,WSTATION,2018,US02489372,         41.987,         -92.26,   280.82,2018000,2018174,2018180,2018238,2018304,2018304,2018,-99,20172,7895,7895,0,11244,0.282086670,2799,349.850983,0.391382635,5.62444067,-99.0000000,-99,-99,-99,-99,-99,2,59,1044,793,318,475,99,225,294,2,200,0,277,6,53,160,245,134,0.365392596,-99,-99,-99,-99,-99,-99,-99,-99,0,32002,32001,0,0,246281,246238,0.00000000,9.58477020,30.3707294,43.3975067,63.5155869,343.929596,11.8864794,16.9848938,24.8586960,134.606995,100.861191,72.8239670,39.4749985,28.5018044,130,24.3723087,13.5576944,17.5069256,13.0186071,408.846375,664.200012,464.824829,147.229630,317.595093,1,
93,93,1,1,1,MZ,MZCER048,UFGA0002,Jun_3_250N_Rainfed       ,Generic ,WSTATION,2018,US02489372,         41.987,         -92.26,   280.82,2018000,2018174,2018180,2018238,2018304,2018304,2018,-99,20172,7895,7895,0,11244,0.282086670,2799,349.850983,0.391381055,5.62444067,-99.0000000,-99,-99,-99,-99,-99,2,59,1044,793,318,475,99,225,294,2,250,0,277,8,84,155,245,134,0.418703973,-99,-99,-99,-99,-99,-99,-99,-99,0,32008,32006,0,0,246280,246237,0.00000000,9.53468800,30.3708515,43.3961258,63.5155067,344.749817,11.8864794,16.9842834,24.8585644,134.927460,80.6892776,72.8242645,31.5799999,28.5018044,130,24.3723087,13.5576944,17.5069256,13.0186071,408.846375,664.200012,464.841522,147.244659,317.596771,1,
94,94,1,1,1,MZ,MZCER048,UFGA0002,Jun_3_300N_Rainfed       ,Generic ,WSTATION,2018,US02489372,         41.987,         -92.26,   280.82,2018000,2018174,2018180,2018238,2018304,2018304,2018,-99,20172,7895,7895,0,11244,0.282086670,2799,349.850983,0.391380280,5.62444115,-99.0000000,-99,-99,-99,-99,-99,2,58,1044,793,318,475,99,224,295,2,300,0,277,9,116,150,245,134,0.481130779,-99,-99,-99,-99,-99,-99,-99,-99,0,32012,32011,0,0,246279,246236,0.00000000,9.58785820,30.3709106,43.3950729,63.5154228,345.738098,11.8864794,16.9838390,24.8584843,135.313980,67.2411957,72.8244019,26.3166676,28.5018044,130,24.3723087,13.5576944,17.5069256,13.0186071,408.846375,664.200012,464.853699,147.255814,317.597809,1,
95,95,1,1,1,MZ,MZCER048,UFGA0002,Jun_3_350N_Rainfed       ,Generic ,WSTATION,2018,US02489372,         41.987,         -92.26,   280.82,2018000,2018174,2018180,2018238,2018304,2018304,2018,-99,20172,7895,7895,0,11244,0.282086670,2799,349.850983,0.391379625,5.62444067,-99.0000000,-99,-99,-99,-99,-99,2,61,1044,793,318,475,100,226,295,2,350,0,277,11,147,146,245,134,0.547882915,-99,-99,-99,-99,-99,-99,-99,-99,0,32016,32014,0,0,246281,246238,0.00000000,9.66893959,30.3709641,43.3946609,63.5160522,332.938049,11.8864794,16.9836483,24.8586864,130.304108,57.6354141,72.8245316,22.5571423,28.5018044,130,24.3723087,13.5576944,17.5069256,13.0186071,408.846375,664.200012,464.858887,147.263535,317.595215,1,
96,96,1,1,1,MZ,MZCER048,UFGA0002,Jun_3_400N_Rainfed       ,Generic ,WSTATION,2018,US02489372,         41.987,         -92.26,   280.82,2018000,2018174,2018180,2018238,2018304,2018304,2018,-99,20173,7895,7895,0,11245,0.282086670,2799,349.850983,0.391360551,5.62444115,-99.0000000,-99,-99,-99,-99,-99,2,60,1044,793,318,475,100,225,295,2,400,0,277,12,180,143,245,134,0.743116498,-99,-99,-99,-99,-99,-99,-99,-99,0,32019,32018,0,0,246280,246237,0.00000000,9.66392899,30.3724422,43.3962898,63.5190315,333.992279,11.8864794,16.9834576,24.8586407,130.710342,50.4334412,72.8280792,19.7374992,28.5018044,130,24.3723087,13.5576944,17.5069256,13.0186071,408.846375,664.200012,464.864105,147.268250,317.595795,1,
